Date,DNP,PGN,PKO,PKN
2017-11-10,64.0,6.0578,37.042,107.72
2017-11-13,64.4,5.6798,37.998,107.63
2017-11-14,66.0,5.7166,38.275,110.58
2017-11-15,66.77,5.6521,37.835,106.15
2017-11-16,66.5,5.5229,38.218,100.88
2017-11-17,67.2,5.6244,38.953,104.89
2017-11-20,67.3,5.818,39.411,105.62
2017-11-21,67.99,5.7535,39.593,104.94
2017-11-22,71.1,5.7258,39.976,104.45
2017-11-23,72.6,5.7535,40.319,106.58
2017-11-24,74.7,5.6982,40.129,103.67
2017-11-27,74.3,5.6429,40.606,106.58
2017-11-28,77.0,5.5507,40.988,105.8
2017-11-29,75.42,5.5507,40.129,100.92
2017-11-30,72.84,5.56,40.415,96.4
2017-12-01,72.35,5.357,40.1,92.834
2017-12-04,72.5,5.4031,39.756,93.885
2017-12-05,77.25,5.44,39.756,96.486
2017-12-06,72.89,5.4584,38.791,99.141
2017-12-07,74.0,5.4493,39.431,97.181
2017-12-08,73.0,5.4676,40.1,96.629
2017-12-11,74.99,5.4676,40.147,89.095
2017-12-12,74.09,5.6244,40.386,91.309
2017-12-13,76.54,5.5507,40.453,91.535
2017-12-14,77.01,5.4584,41.084,92.446
2017-12-15,77.5,5.4676,41.322,92.401
2017-12-18,76.95,5.7073,41.524,94.316
2017-12-19,78.32,5.6706,41.275,94.887
2017-12-20,76.43,5.6059,41.982,93.707
2017-12-21,75.2,5.5507,41.848,96.438
2017-12-22,74.57,5.6337,41.322,96.705
2017-12-27,75.6,5.8734,42.326,98.323
2017-12-28,77.5,5.7443,42.737,95.182
2017-12-29,78.8,5.7997,42.335,92.23
2018-01-03,81.6,5.7258,41.408,91.788
2018-01-04,81.6,5.8088,42.087,93.096
2018-01-05,82.5,5.7812,42.297,92.788
2018-01-08,83.15,5.7258,43.08,96.058
2018-01-09,81.45,5.772,43.043,93.096
2018-01-10,78.5,5.735,42.756,92.274
2018-01-11,77.5,5.8088,43.472,93.14
2018-01-12,77.8,5.855,43.463,93.529
2018-01-15,77.8,5.9286,43.472,92.834
2018-01-16,79.75,6.15,44.389,95.182
2018-01-17,80.0,6.1961,44.285,95.667
2018-01-18,82.15,6.2329,44.428,94.624
2018-01-19,82.0,6.2329,44.198,94.662
2018-01-22,82.85,6.1593,44.342,97.447
2018-01-23,83.6,6.2422,44.838,98.323
2018-01-24,83.7,6.2606,45.47,96.847
2018-01-25,80.2,6.2975,44.361,91.751
2018-01-26,82.9,6.15,43.855,95.22
2018-01-29,82.0,6.1776,43.902,95.144
2018-01-30,82.0,6.0855,44.016,93.838
2018-01-31,83.5,6.0486,43.625,94.4
2018-02-01,85.0,6.067,43.033,93.885
2018-02-02,88.2,6.0763,42.994,89.748
2018-02-05,84.7,5.9933,42.708,91.183
2018-02-06,80.25,5.772,41.246,86.137
2018-02-07,83.0,5.772,42.221,87.615
2018-02-08,80.0,5.6429,40.959,82.673
2018-02-09,79.65,5.6891,40.73,81.351
2018-02-12,81.1,5.855,41.456,82.691
2018-02-13,81.4,5.9011,41.361,83.822
2018-02-14,80.35,5.9471,41.437,84.535
2018-02-15,80.5,5.818,41.132,82.029
2018-02-16,83.25,5.8088,40.09,81.961
2018-02-19,83.0,5.7073,40.864,81.768
2018-02-20,83.3,5.7166,41.084,83.091
2018-02-21,82.35,5.8273,40.988,83.091
2018-02-22,82.5,5.6982,42.058,81.108
2018-02-23,83.0,5.7535,41.829,80.917
2018-02-26,84.55,5.7258,42.039,81.699
2018-02-27,84.95,5.6152,42.144,85.963
2018-02-28,85.35,5.5876,41.151,83.979
2018-03-01,83.3,5.6244,40.51,83.405
2018-03-02,83.0,5.5137,40.319,82.83
2018-03-05,84.5,5.5137,41.342,80.586
2018-03-06,85.0,5.4676,40.692,81.786
2018-03-07,89.0,5.4676,40.969,81.683
2018-03-08,88.6,5.5783,38.838,80.047
2018-03-09,90.95,5.6706,39.374,81.786
2018-03-12,91.45,5.6891,40.406,83.317
2018-03-13,92.2,5.5507,39.89,82.413
2018-03-14,90.0,5.4493,40.071,79.853
2018-03-15,89.75,5.5045,38.981,79.35
2018-03-16,91.1,5.4584,38.447,76.949
2018-03-19,90.45,5.4769,38.218,76.304
2018-03-20,86.2,5.4123,39.536,75.034
2018-03-21,90.6,5.3847,40.606,78.898
2018-03-22,89.15,5.3939,39.068,76.879
2018-03-23,87.5,5.44,38.867,74.826
2018-03-26,85.65,5.3939,38.695,75.696
2018-03-27,89.35,5.311,38.791,75.017
2018-03-28,84.9,5.3294,38.074,72.736
2018-03-29,86.85,5.2095,38.638,73.189
2018-04-03,85.1,5.1634,38.59,76.096
2018-04-04,86.35,4.979,37.558,74.686
2018-04-05,86.9,5.2648,37.969,77.888
2018-04-06,89.55,5.4031,37.606,80.724
2018-04-09,90.0,5.4952,37.931,78.619
2018-04-10,90.95,5.5415,38.036,77.47
2018-04-11,90.45,5.5692,38.208,77.802
2018-04-12,91.9,5.5415,39.411,79.438
2018-04-13,91.9,5.5783,39.411,79.176
2018-04-16,92.3,5.5967,39.03,79.577
2018-04-17,94.0,5.6429,39.813,76.531
2018-04-18,94.5,5.7073,39.794,76.966
2018-04-19,93.5,5.6798,39.766,77.47
2018-04-20,90.9,5.56,39.02,76.479
2018-04-23,90.05,5.5783,39.421,77.384
2018-04-24,90.5,5.5783,39.326,75.887
2018-04-25,91.0,5.5507,39.068,75.435
2018-04-26,90.75,5.7073,40.042,78.271
2018-04-27,92.25,5.6521,39.564,78.183
2018-04-30,95.0,5.6982,39.976,78.045
2018-05-02,95.8,5.6152,40.205,75.939
2018-05-04,97.1,5.56,38.819,72.894
2018-05-07,96.25,5.6059,38.141,70.91
2018-05-08,96.65,5.7166,39.526,71.607
2018-05-09,98.1,5.7627,40.176,75.26
2018-05-10,97.65,5.8642,40.166,73.868
2018-05-11,98.2,5.8827,40.529,75.26
2018-05-14,100.5,5.9471,40.549,76.045
2018-05-15,100.0,5.8088,39.689,74.164
2018-05-16,107.1,5.8088,39.335,73.346
2018-05-17,112.1,5.6429,38.695,75.191
2018-05-18,106.1,5.5967,38.858,73.085
2018-05-21,103.6,5.6521,39.603,75.001
2018-05-22,105.8,5.6706,39.344,72.424
2018-05-23,102.9,5.6706,38.456,71.937
2018-05-24,108.8,5.6152,37.195,73.642
2018-05-25,112.0,5.6798,37.596,73.242
2018-05-28,108.0,5.5323,37.195,74.616
2018-05-29,111.2,5.44,37.357,71.328
2018-05-30,111.4,5.2741,35.867,70.91
2018-06-01,106.7,5.5507,36.307,71.328
2018-06-04,108.3,5.5967,36.985,72.46
2018-06-05,107.4,5.5783,37.492,75.487
2018-06-06,105.0,5.6244,37.348,77.001
2018-06-07,103.1,5.6429,38.265,76.13
2018-06-08,102.2,5.5692,37.739,76.008
2018-06-11,100.1,5.5229,37.921,74.077
2018-06-12,100.0,5.4676,38.351,75.696
2018-06-13,99.9,5.5045,38.294,74.652
2018-06-14,103.3,5.44,38.218,74.234
2018-06-15,102.3,5.3939,37.405,73.242
2018-06-18,98.7,5.2925,36.134,71.345
2018-06-19,99.5,5.2463,36.01,70.267
2018-06-20,100.5,5.2095,36.707,71.607
2018-06-21,102.0,5.2371,36.173,72.215
2018-06-22,98.15,5.2371,36.211,72.041
2018-06-25,97.6,5.2741,36.058,71.781
2018-06-26,96.9,5.2833,35.944,72.772
2018-06-27,100.5,5.2463,35.59,71.607
2018-06-28,100.5,5.0989,34.539,71.781
2018-06-29,104.0,5.2648,35.342,73.137
2018-07-02,101.3,5.4308,35.16,71.171
2018-07-03,104.0,5.4493,36.402,73.068
2018-07-04,109.3,5.3663,36.689,75.922
2018-07-05,106.5,5.4031,36.45,73.085
2018-07-06,103.5,5.3294,36.497,73.781
2018-07-09,100.6,5.3755,36.23,72.493
2018-07-10,99.5,5.5137,37.07,73.364
2018-07-11,101.2,5.4216,37.042,71.781
2018-07-12,100.4,5.3939,37.539,70.648
2018-07-13,101.0,5.4308,36.679,71.328
2018-07-16,103.4,5.2279,35.887,70.58
2018-07-17,102.4,5.2095,35.734,72.981
2018-07-18,101.2,5.2279,35.485,73.137
2018-07-19,101.0,5.1727,36.03,75.52
2018-07-20,104.6,4.9052,37.157,78.497
2018-07-23,105.4,4.9144,37.749,80.843
2018-07-24,103.1,5.0712,38.953,81.817
2018-07-25,104.3,4.9697,38.743,83.82
2018-07-26,101.8,5.0344,39.44,85.247
2018-07-27,101.0,4.9881,39.402,84.146
2018-07-30,97.55,5.0621,40.004,86.041
2018-07-31,100.2,5.0897,39.841,83.585
2018-08-01,100.7,5.2463,40.129,83.965
2018-08-02,98.5,5.1265,39.966,82.774
2018-08-03,98.5,5.145,39.603,84.615
2018-08-06,99.9,5.0897,40.243,84.181
2018-08-07,100.1,5.2279,40.185,83.983
2018-08-08,103.4,5.2003,38.897,84.073
2018-08-09,103.3,5.2556,39.788,85.156
2018-08-10,101.3,5.191,38.345,83.008
2018-08-13,99.0,5.0344,38.578,86.004
2018-08-14,99.4,5.0066,38.162,88.241
2018-08-16,97.55,5.0344,39.023,88.512
2018-08-17,101.2,4.9421,37.9,86.365
2018-08-20,98.2,4.9881,38.549,88.061
2018-08-21,98.0,5.0344,39.788,87.646
2018-08-22,95.8,5.0989,40.311,88.603
2018-08-23,94.6,5.1634,41.124,87.212
2018-08-24,92.3,5.0159,40.921,88.855
2018-08-27,92.95,5.1634,41.869,89.504
2018-08-28,93.1,5.2741,42.295,90.226
2018-08-29,93.0,5.2463,41.288,90.814
2018-08-30,93.1,5.3663,41.143,89.053
2018-08-31,91.3,5.3663,40.853,88.639
2018-09-03,90.95,5.4031,41.376,89.866
2018-09-04,88.5,5.4769,40.562,88.53
2018-09-05,87.75,5.3478,40.078,92.032
2018-09-06,88.1,5.3939,40.369,91.265
2018-09-07,88.0,5.4216,39.769,92.347
2018-09-10,88.3,5.4308,40.466,91.805
2018-09-11,86.0,5.4031,39.71,94.606
2018-09-12,88.0,5.4123,38.316,94.063
2018-09-13,90.5,5.6244,38.684,93.296
2018-09-14,94.4,5.6244,39.207,89.703
2018-09-17,95.0,5.4676,38.587,90.633
2018-09-18,94.85,5.5415,39.304,90.317
2018-09-19,94.95,5.56,40.756,88.873
2018-09-20,95.0,5.4769,40.524,87.52
2018-09-21,94.5,5.5783,40.175,88.097
2018-09-24,99.2,5.7443,40.165,90.814
2018-09-25,97.4,5.8457,41.182,90.362
2018-09-26,100.8,5.9195,41.569,90.362
2018-09-27,99.3,5.9471,41.656,92.166
2018-09-28,99.6,5.9656,41.53,91.129
2018-10-01,97.85,5.8827,40.853,92.663
2018-10-02,96.0,6.0855,40.853,89.288
2018-10-03,95.3,6.0486,41.192,89.036
2018-10-04,95.6,6.15,41.046,89.576
2018-10-05,94.3,5.9933,40.708,87.809
2018-10-08,91.95,5.855,40.253,86.13
2018-10-09,90.0,6.104,40.804,88.278
2018-10-10,89.85,5.984,39.13,85.282
2018-10-11,88.15,5.8457,38.365,84.47
2018-10-12,90.0,5.9195,38.326,86.889
2018-10-15,89.5,5.9195,37.271,86.148
2018-10-16,93.35,6.0763,38.394,88.097
2018-10-17,92.75,6.1132,38.781,85.842
2018-10-18,88.05,6.0117,38.994,84.813
2018-10-19,88.15,5.9748,39.42,84.669
2018-10-22,88.0,6.0393,38.723,84.289
2018-10-23,89.0,5.9103,38.249,82.106
2018-10-24,86.45,5.7627,38.239,82.557
2018-10-25,86.5,5.6706,38.771,79.688
2018-10-26,85.5,5.5045,37.774,76.548
2018-10-29,82.0,5.6521,37.813,80.05
2018-10-30,84.0,5.7258,38.142,81.998
2018-10-31,84.5,5.772,38.655,83.225
2018-11-02,84.7,5.855,39.101,84.362
2018-11-05,84.7,5.9286,40.194,86.78
2018-11-06,80.95,5.9471,39.778,87.068
2018-11-07,77.45,5.9286,40.737,88.079
2018-11-08,81.25,6.0578,40.804,84.813
2018-11-09,79.5,5.8088,40.388,87.014
2018-11-13,83.4,5.8642,40.069,86.275
2018-11-14,87.65,5.818,40.059,88.241
2018-11-15,90.55,5.6891,39.033,88.079
2018-11-16,85.65,5.7627,36.69,89.325
2018-11-19,85.0,5.7627,37.89,91.851
2018-11-20,83.75,5.5876,37.658,91.219
2018-11-21,85.6,5.7812,38.491,92.436
2018-11-22,86.95,5.984,38.191,94.382
2018-11-23,86.5,5.8442,38.617,92.166
2018-11-26,83.5,5.8535,38.452,91.309
2018-11-27,86.8,5.7976,38.81,95.372
2018-11-28,90.5,5.8721,39.546,99.16
2018-11-29,95.0,5.9001,40.369,101.82
2018-11-30,97.35,6.0119,39.604,99.341
2018-12-03,99.0,6.2171,40.243,98.437
2018-12-04,100.4,6.301,40.62,98.256
2018-12-05,102.5,6.3662,40.466,99.7
2018-12-06,99.2,6.3289,39.323,96.99
2018-12-07,98.6,6.5247,38.752,96.4
2018-12-10,98.15,6.4034,38.239,94.963
2018-12-11,98.65,6.2823,37.193,95.639
2018-12-12,98.15,6.1332,38.771,100.15
2018-12-13,99.8,6.2917,39.207,102.41
2018-12-14,98.6,6.4314,39.556,100.84
2018-12-17,100.0,6.3196,39.623,96.819
2018-12-18,101.5,6.2637,40.272,96.229
2018-12-19,102.0,6.273,40.262,97.58
2018-12-20,97.6,6.4408,39.314,97.171
2018-12-21,98.95,6.3289,37.978,93.923
2018-12-27,94.05,6.3941,38.142,95.905
2018-12-28,95.85,6.4408,38.21,97.58
2019-01-02,97.3,6.5247,39.207,95.772
2019-01-03,97.25,6.4594,38.307,91.805
2019-01-04,97.0,6.4501,39.159,93.52
2019-01-07,98.0,6.767,39.594,96.99
2019-01-08,101.0,6.6085,39.401,97.894
2019-01-09,102.5,6.823,39.13,98.256
2019-01-10,102.6,6.8043,38.336,98.351
2019-01-11,104.1,6.7203,38.229,99.62
2019-01-14,104.1,6.767,38.239,99.246
2019-01-15,101.4,6.7297,38.626,100.25
2019-01-16,104.8,6.9814,38.578,101.05
2019-01-17,102.2,6.9162,38.529,99.474
2019-01-18,102.6,6.9069,39.284,100.74
2019-01-21,101.0,6.795,39.207,99.62
2019-01-22,98.65,6.8509,39.11,100.2
2019-01-23,103.9,7.0,39.875,102.63
2019-01-24,103.3,7.028,40.272,97.399
2019-01-25,103.5,6.9907,39.139,97.123
2019-01-28,102.6,6.8975,38.2,94.877
2019-01-29,103.1,6.8975,38.578,95.506
2019-01-30,100.2,7.028,37.726,94.735
2019-01-31,100.3,7.1119,38.249,94.465
2019-02-01,101.9,7.0373,38.51,94.735
2019-02-04,102.0,7.056,38.249,93.651
2019-02-05,101.2,7.1398,38.684,94.287
2019-02-06,100.3,7.1025,39.013,95.82
2019-02-07,100.3,6.8695,38.229,94.287
2019-02-08,98.6,6.7483,37.619,93.201
2019-02-11,97.65,6.7577,38.113,92.753
2019-02-12,99.15,6.795,38.549,94.147
2019-02-13,95.15,6.767,38.026,92.121
2019-02-14,93.7,6.3662,37.61,93.791
2019-02-15,93.25,6.4314,38.152,93.248
2019-02-18,94.5,6.3941,37.707,91.851
2019-02-19,93.2,6.4034,37.648,91.039
2019-02-20,93.8,6.6178,38.481,94.735
2019-02-21,97.9,6.5153,37.658,94.419
2019-02-22,96.35,6.5899,37.726,95.277
2019-02-25,103.0,6.5712,37.464,95.82
2019-02-26,104.0,6.5619,37.29,95.553
2019-02-27,108.0,6.3382,37.058,92.708
2019-02-28,107.0,6.4501,36.826,91.94
2019-03-01,110.0,6.3103,36.787,90.858
2019-03-04,109.7,6.1332,37.416,91.58
2019-03-05,109.0,6.2264,36.903,91.49
2019-03-06,112.1,6.2124,36.961,92.933
2019-03-07,113.2,6.0958,36.729,92.166
2019-03-08,113.5,6.0772,37.019,92.933
2019-03-11,113.0,6.0353,36.971,92.663
2019-03-12,113.5,5.984,36.835,92.391
2019-03-13,112.0,5.8721,37.029,91.94
2019-03-14,109.0,5.9654,37.271,91.896
2019-03-15,111.7,5.9654,37.939,92.076
2019-03-18,116.0,6.026,37.532,91.4
2019-03-19,120.5,5.8209,37.726,92.032
2019-03-20,123.6,5.7976,38.326,91.129
2019-03-21,124.5,5.9886,38.433,91.354
2019-03-22,122.9,5.8675,37.464,90.226
2019-03-25,122.1,5.793,37.474,88.603
2019-03-26,124.1,5.7604,37.997,89.433
2019-03-27,120.1,5.7604,37.658,88.621
2019-03-28,120.3,5.8675,37.445,88.837
2019-03-29,121.0,5.8302,37.348,88.097
2019-04-01,126.1,5.8769,37.629,90.172
2019-04-02,132.0,5.9607,37.755,89.757
2019-04-03,129.5,6.0212,38.384,93.426
2019-04-04,126.0,5.8954,39.217,91.4
2019-04-05,127.0,5.8163,38.345,88.584
2019-04-08,132.0,5.9234,38.481,89.541
2019-04-09,131.8,5.8815,38.394,90.407
2019-04-10,133.5,5.9327,38.51,92.076
2019-04-11,131.0,5.7836,38.326,90.677
2019-04-12,131.0,5.7463,38.287,91.76
2019-04-15,124.0,5.7137,38.2,90.677
2019-04-16,121.0,5.765,38.617,91.67
2019-04-17,123.6,5.7604,38.413,92.843
2019-04-18,125.0,5.6439,37.978,91.265
2019-04-23,122.0,5.49,38.423,91.67
2019-04-24,126.4,5.532,38.491,91.445
2019-04-25,124.9,5.4948,38.22,90.948
2019-04-26,127.0,5.4621,38.723,89.523
2019-04-29,126.0,5.3315,38.878,89.722
2019-04-30,127.0,5.4061,37.987,88.35
2019-05-02,124.4,5.3875,38.007,88.278
2019-05-06,126.3,5.2896,37.561,87.358
2019-05-07,124.1,5.1591,36.593,84.217
2019-05-08,124.9,5.2384,36.574,82.395
2019-05-09,123.5,5.1358,36.08,79.11
2019-05-10,127.3,5.2617,36.525,79.202
2019-05-13,127.3,5.1685,36.651,78.894
2019-05-14,127.5,5.1358,36.458,78.713
2019-05-15,130.4,5.3595,35.983,78.858
2019-05-16,114.1,5.3502,36.738,81.637
2019-05-17,112.7,5.3222,36.4,83.803
2019-05-20,117.5,5.1778,36.4,83.243
2019-05-21,123.6,5.2476,36.303,83.585
2019-05-22,128.9,5.3641,36.496,82.756
2019-05-23,126.9,5.1498,36.535,80.229
2019-05-24,126.5,5.1638,36.593,81.331
2019-05-27,125.6,5.1964,36.555,82.088
2019-05-28,124.0,5.3408,36.506,84.488
2019-05-29,122.4,5.1498,36.826,85.445
2019-05-30,123.0,5.1964,37.242,85.679
2019-05-31,124.4,5.2197,38.045,87.321
2019-06-03,126.8,5.1731,38.22,87.159
2019-06-04,126.4,5.1591,38.239,85.986
2019-06-05,125.8,5.0752,38.258,85.264
2019-06-06,125.5,5.0706,40.175,83.695
2019-06-07,125.7,5.2476,40.698,81.367
2019-06-10,124.7,5.1871,40.562,82.413
2019-06-11,123.2,5.1078,41.366,83.423
2019-06-12,122.0,5.0426,40.814,82.737
2019-06-13,126.1,5.038,41.492,81.312
2019-06-14,127.0,5.0007,40.891,80.519
2019-06-17,127.2,4.9635,40.611,80.861
2019-06-18,135.4,4.9028,41.763,81.871
2019-06-19,134.6,4.8422,41.647,80.824
2019-06-21,130.8,4.9075,41.792,79.904
2019-06-24,128.7,5.0566,41.772,81.637
2019-06-25,130.5,4.9075,40.853,81.095
2019-06-26,127.6,4.9867,41.221,80.843
2019-06-27,129.6,4.9961,41.588,81.312
2019-06-28,130.9,4.9494,41.453,81.186
2019-07-01,134.5,4.9401,41.443,81.637
2019-07-02,136.0,4.9261,41.656,81.69
2019-07-03,136.8,4.9028,40.669,86.581
2019-07-04,139.0,5.0426,40.998,86.889
2019-07-05,137.4,5.1638,40.562,86.346
2019-07-08,138.1,5.0473,40.514,86.167
2019-07-09,141.3,4.9774,40.466,84.181
2019-07-10,141.0,4.9494,40.272,84.686
2019-07-11,142.6,5.1078,40.282,85.986
2019-07-12,144.8,5.2663,40.02,87.827
2019-07-15,146.7,5.3595,40.282,86.924
2019-07-16,145.3,5.2291,40.272,87.159
2019-07-17,143.0,5.038,40.349,86.617
2019-07-18,142.4,5.01,41.075,87.05
2019-07-19,146.0,5.0473,41.288,92.537
2019-07-22,146.4,5.0613,41.192,92.499
2019-07-23,148.0,5.0892,41.24,92.855
2019-07-24,145.8,5.1638,40.921,93.857
2019-07-25,144.1,5.1257,40.843,92.874
2019-07-26,142.6,5.159,40.785,92.499
2019-07-29,142.6,5.1353,40.33,90.496
2019-07-30,144.4,5.2969,39.93,90.103
2019-07-31,146.1,5.354,40.87,91.151
2019-08-01,143.8,5.3445,39.34,91.75
2019-08-02,147.5,5.2351,39.2,90.702
2019-08-05,143.7,4.9451,38.7,89.934
2019-08-06,142.8,4.8119,38.38,87.987
2019-08-07,143.1,4.6597,38.47,86.975
2019-08-08,140.2,4.8119,39.42,88.605
2019-08-09,139.8,4.5647,38.87,85.59
2019-08-12,135.9,4.5704,38.9,83.586
2019-08-13,134.3,4.7548,39.42,87.5
2019-08-14,130.1,4.6065,38.24,84.335
2019-08-16,132.0,4.46,38.91,82.875
2019-08-19,134.6,4.5913,39.44,84.373
2019-08-20,148.0,4.5437,39.7,83.624
2019-08-21,150.8,4.5742,39.9,84.111
2019-08-22,149.6,4.4657,40.1,83.793
2019-08-23,147.1,4.4639,39.54,84.111
2019-08-26,149.9,4.4259,39.25,84.13
2019-08-27,145.0,4.3193,39.17,82.968
2019-08-28,144.0,4.3802,36.95,84.223
2019-08-29,149.1,4.3878,37.5,83.324
2019-08-30,153.8,4.5076,39.15,84.86
2019-09-02,158.0,4.559,39.28,85.665
2019-09-03,158.0,4.4144,38.4,83.063
2019-09-04,157.6,4.2717,38.58,81.77
2019-09-05,154.9,4.3935,39.01,81.826
2019-09-06,153.2,4.3574,39.58,82.351
2019-09-09,147.4,4.5704,41.17,85.384
2019-09-10,152.0,4.7596,41.4,88.473
2019-09-11,159.7,4.7596,41.18,88.399
2019-09-12,160.4,4.7016,40.94,86.901
2019-09-13,160.0,4.7359,41.2,87.668
2019-09-16,155.0,4.8452,41.75,88.006
2019-09-17,153.3,4.869,41.1,85.852
2019-09-18,156.0,4.869,41.27,87.612
2019-09-19,154.9,4.9023,40.84,88.567
2019-09-20,152.6,4.7473,39.84,90.627
2019-09-23,153.6,4.6313,38.7,90.627
2019-09-24,155.0,4.6293,39.72,92.425
2019-09-25,155.8,4.4924,39.45,91.638
2019-09-26,156.3,4.4639,39.43,92.106
2019-09-27,158.5,4.5533,40.04,91.62
2019-09-30,157.0,4.4734,39.32,92.406
2019-10-01,153.2,4.4239,38.85,92.274
2019-10-02,150.4,4.2851,37.39,91.544
2019-10-03,150.5,4.1919,37.16,93.248
2019-10-04,150.6,4.3821,37.74,95.401
2019-10-07,148.0,4.3383,37.61,94.372
2019-10-08,147.5,4.4182,37.21,96.01
2019-10-09,144.8,4.344,37.3,96.429
2019-10-10,144.3,4.3497,37.23,95.448
2019-10-11,146.3,4.4734,37.96,95.172
2019-10-14,146.0,4.4277,36.7,94.653
2019-10-15,145.6,4.4353,36.68,94.934
2019-10-16,144.0,4.3802,37.11,95.544
2019-10-17,150.3,4.3935,37.86,96.01
2019-10-18,150.4,4.3631,37.64,97.837
2019-10-21,145.2,4.3916,38.09,99.57
2019-10-22,146.4,4.519,38.6,100.97
2019-10-23,141.0,4.5171,38.53,101.11
2019-10-24,141.1,4.4468,39.07,97.323
2019-10-25,142.6,4.4505,38.16,96.295
2019-10-28,144.1,4.6426,38.57,98.865
2019-10-29,146.5,4.616,39.0,99.71
2019-10-30,147.4,4.6313,38.82,99.427
2019-10-31,149.0,4.4734,38.12,97.742
2019-11-04,157.3,4.7016,39.45,101.44
2019-11-05,154.0,4.8214,39.87,102.09
2019-11-06,149.4,4.7073,39.15,100.64
2019-11-07,157.8,4.7596,39.01,99.103
2019-11-08,141.6,4.7548,39.0,98.77
2019-11-12,146.7,4.7377,39.34,95.544
2019-11-13,138.0,4.6579,39.21,95.915
2019-11-14,135.5,4.6465,38.44,95.544
2019-11-15,139.1,4.6959,38.21,95.772
2019-11-18,141.9,4.6142,37.88,95.077
2019-11-19,141.5,4.5228,37.72,91.039
2019-11-20,135.6,4.4334,37.83,90.627
2019-11-21,136.0,4.4316,38.1,88.136
2019-11-22,134.0,4.4239,38.62,88.192
2019-11-25,134.2,4.4677,38.75,88.192
2019-11-26,132.0,4.5362,37.95,87.482
2019-11-27,133.6,4.4886,37.86,87.069
2019-11-28,133.4,4.4639,36.75,86.47
2019-11-29,135.2,4.3935,36.14,86.975
2019-12-02,136.3,4.2813,36.0,85.647
2019-12-03,136.4,4.2794,35.7,83.568
2019-12-04,136.0,4.2794,34.99,82.856
2019-12-05,136.0,4.2337,34.77,82.051
2019-12-06,137.4,4.0891,34.03,76.883
2019-12-09,136.5,4.1044,33.79,76.565
2019-12-10,137.5,3.939,33.71,75.816
2019-12-11,138.7,3.8287,33.47,76.378
2019-12-12,141.5,3.9636,34.39,78.606
2019-12-13,139.8,3.9845,34.22,80.197
2019-12-16,140.0,3.9656,34.83,78.325
2019-12-17,138.4,3.9579,35.19,79.149
2019-12-18,137.8,3.9941,35.27,78.924
2019-12-19,140.0,4.0322,35.0,79.898
2019-12-20,142.0,4.0055,34.76,78.737
2019-12-23,141.3,4.0322,34.67,79.711
2019-12-27,143.9,4.1177,34.54,80.46
2019-12-30,144.0,4.1158,34.46,80.347
2020-01-02,145.2,4.2642,35.47,81.414
2020-01-03,141.8,4.2642,34.75,80.253
2020-01-07,143.3,4.209,34.43,77.052
2020-01-08,142.3,4.1273,34.07,76.34
2020-01-09,145.2,4.2071,34.75,79.261
2020-01-10,150.5,4.1557,34.74,79.991
2020-01-13,159.7,4.1348,35.41,80.816
2020-01-14,152.5,4.1348,35.44,79.935
2020-01-15,156.0,4.1082,34.81,79.655
2020-01-16,153.3,4.0645,34.88,80.123
2020-01-17,155.6,4.0416,35.0,80.74
2020-01-20,159.3,4.015,35.05,80.272
2020-01-21,159.6,3.8799,34.98,79.523
2020-01-22,166.9,3.7696,34.48,79.579
2020-01-23,167.7,3.743,35.26,80.029
2020-01-24,161.8,3.861,35.72,80.067
2020-01-27,153.9,3.6688,34.46,77.313
2020-01-28,155.1,3.6745,34.9,76.415
2020-01-29,158.7,3.5243,34.9,74.224
2020-01-30,159.0,3.4882,34.7,71.154
2020-01-31,162.5,3.4216,34.21,70.835
2020-02-03,167.9,3.3836,34.66,68.344
2020-02-04,164.7,3.4958,36.0,69.693
2020-02-05,168.0,3.5319,35.66,71.734
2020-02-06,166.0,3.4616,35.77,69.187
2020-02-07,162.3,3.4407,35.95,69.993
2020-02-10,164.3,3.355,35.29,67.933
2020-02-11,163.1,3.4425,35.17,69.168
2020-02-12,165.6,3.4748,36.5,69.693
2020-02-13,167.0,3.4616,35.86,69.824
2020-02-14,162.1,3.4064,35.79,71.154
2020-02-17,164.6,3.4919,35.55,70.966
2020-02-18,166.9,3.4901,35.15,70.686
2020-02-19,169.5,3.5034,35.13,68.756
2020-02-20,167.4,3.4996,34.8,68.232
2020-02-21,166.8,3.4577,34.41,68.626
2020-02-24,159.3,3.2979,33.0,65.349
2020-02-25,157.9,3.1421,32.05,63.963
2020-02-26,156.1,3.1364,32.28,62.353
2020-02-27,146.0,2.9727,31.96,57.016
2020-02-28,141.8,3.0127,31.29,54.9
2020-03-02,151.8,2.9575,32.35,56.698
2020-03-03,155.0,3.0393,33.1,58.289
2020-03-04,154.7,3.0716,32.56,55.275
2020-03-05,157.9,2.9765,31.64,53.234
2020-03-06,156.5,2.8092,30.62,50.874
2020-03-09,145.6,2.5448,27.72,50.781
2020-03-10,149.0,2.4782,27.92,48.141
2020-03-11,145.0,2.3299,26.63,43.506
2020-03-12,125.0,2.113,23.18,40.67
2020-03-13,137.5,2.2348,23.5,42.767
2020-03-16,136.0,2.3698,21.5,44.939
2020-03-17,151.8,2.5144,22.1,46.306
2020-03-18,148.4,2.6532,21.0,44.818
2020-03-19,149.5,2.851,21.89,47.28
2020-03-20,148.2,2.9861,23.06,49.227
2020-03-23,142.3,2.9271,21.45,46.549
2020-03-24,149.3,2.9252,22.31,46.905
2020-03-25,147.4,2.8947,21.84,47.935
2020-03-26,150.5,2.9366,23.46,49.527
2020-03-27,151.2,2.8776,22.75,48.627
2020-03-30,162.0,2.8377,22.51,49.134
2020-03-31,162.1,3.2713,22.62,52.148
2020-04-01,158.0,3.163,22.2,52.036
2020-04-02,158.7,3.2048,21.83,56.361
2020-04-03,164.2,3.2619,21.85,56.979
2020-04-06,166.0,3.3094,22.68,59.731
2020-04-07,165.2,3.3684,23.41,60.761
2020-04-08,166.7,3.3103,21.91,60.668
2020-04-09,168.6,3.4425,22.68,60.724
2020-04-14,170.0,3.5471,23.2,60.911
2020-04-15,166.1,3.5471,22.14,58.047
2020-04-16,170.2,3.5205,22.04,56.174
2020-04-17,186.0,3.5547,21.93,57.335
2020-04-20,184.0,3.5719,22.13,57.952
2020-04-21,175.9,3.4292,21.07,55.237
2020-04-22,184.1,3.4454,21.22,56.979
2020-04-23,188.9,3.5851,21.26,57.54
2020-04-24,175.0,3.471,20.82,56.96
2020-04-27,178.0,3.5081,20.1,55.649
2020-04-28,179.8,3.5091,20.24,56.661
2020-04-29,173.6,3.5224,21.94,57.503
2020-04-30,174.6,3.5309,22.01,58.384
2020-05-04,173.7,3.4701,21.58,55.724
2020-05-05,169.5,3.5091,21.01,56.642
2020-05-06,167.0,3.4254,20.6,54.807
2020-05-07,169.3,3.5224,21.0,56.979
2020-05-08,169.0,3.5386,21.06,58.814
2020-05-11,161.2,3.4919,20.65,58.908
2020-05-12,157.0,3.5699,21.42,60.424
2020-05-13,157.0,3.5376,21.3,58.739
2020-05-14,153.8,3.5281,20.75,57.466
2020-05-15,155.6,3.4891,20.67,56.791
2020-05-18,171.2,3.5091,21.55,60.35
2020-05-19,171.5,3.5671,21.6,59.731
2020-05-20,167.2,3.6052,21.64,60.443
2020-05-21,167.0,3.5481,21.2,59.619
2020-05-22,175.4,3.5709,21.15,58.514
2020-05-25,180.8,3.6565,21.25,59.038
2020-05-26,184.2,3.7687,22.54,61.66
2020-05-27,174.9,3.9323,23.15,62.297
2020-05-28,180.6,3.9656,22.3,63.158
2020-05-29,182.6,3.9979,22.3,62.503
2020-06-01,182.8,4.0826,22.45,63.383
2020-06-02,185.7,4.1006,22.06,63.476
2020-06-03,194.5,4.073,22.55,64.375
2020-06-04,195.0,4.015,22.66,64.45
2020-06-05,191.8,4.1177,23.57,68.045
2020-06-08,190.1,4.2528,24.48,67.034
2020-06-09,189.9,4.2737,24.24,65.087
2020-06-10,193.7,4.2508,23.42,65.423
2020-06-12,196.8,4.1206,22.57,62.129
2020-06-15,197.6,4.4639,21.76,58.739
2020-06-16,197.8,4.327,23.23,62.259
2020-06-17,199.0,4.3412,22.7,61.885
2020-06-18,195.9,4.327,23.09,61.697
2020-06-19,202.8,4.3032,23.0,62.016
2020-06-22,202.2,4.1995,22.5,60.967
2020-06-23,205.8,4.2575,23.6,62.147
2020-06-24,201.0,4.1862,22.81,59.994
2020-06-25,198.0,4.1805,22.82,60.499
2020-06-26,201.2,4.1491,22.37,59.657
2020-06-29,198.1,4.3079,22.7,59.545
2020-06-30,200.6,4.3221,22.92,58.626
2020-07-01,199.1,4.4011,23.04,59.245
2020-07-02,198.9,4.4677,23.49,59.469
2020-07-03,198.2,4.46,23.27,59.394
2020-07-06,201.8,4.5,23.58,59.919
2020-07-07,203.0,4.5171,23.33,59.282
2020-07-08,199.0,4.5076,23.32,57.821
2020-07-09,196.2,4.5904,23.29,57.298
2020-07-10,201.8,4.6331,23.55,57.503
2020-07-13,203.2,4.6731,23.71,58.417
2020-07-14,200.0,4.8594,23.51,55.676
2020-07-15,201.0,5.0059,24.08,54.743
2020-07-16,199.6,4.9831,23.9,56.513
2020-07-17,202.0,5.0953,23.4,56.437
2020-07-20,200.4,5.1263,23.8,56.323
2020-07-21,201.2,5.0953,24.04,56.856
2020-07-22,205.8,5.0992,23.37,55.942
2020-07-23,206.4,5.1534,23.26,54.838
2020-07-24,200.0,5.1882,23.1,55.029
2020-07-27,199.7,5.1902,22.62,54.191
2020-07-28,199.5,5.2134,22.8,54.553
2020-07-29,202.8,5.1863,22.54,53.506
2020-07-30,200.2,5.0412,21.7,50.441
2020-07-31,207.8,4.9521,21.75,50.708
2020-08-03,226.6,4.9347,21.85,50.46
2020-08-04,216.4,4.896,22.25,50.803
2020-08-05,215.6,5.1089,22.25,51.469
2020-08-06,223.8,5.0702,21.84,49.832
2020-08-07,227.4,5.0702,21.63,51.05
2020-08-10,220.4,5.0702,21.9,50.632
2020-08-11,219.0,5.1282,23.14,51.869
2020-08-12,216.0,5.1282,23.36,52.783
2020-08-13,225.8,5.1573,23.12,53.011
2020-08-14,229.6,5.1476,23.2,52.897
2020-08-17,233.6,5.1282,23.15,53.849
2020-08-18,235.2,5.1476,22.87,51.031
2020-08-19,238.0,5.1379,22.33,50.042
2020-08-20,235.8,5.1263,22.01,51.089
2020-08-21,238.6,5.136,22.1,50.46
2020-08-24,241.6,5.1863,22.4,50.613
2020-08-25,240.4,5.225,22.02,51.108
2020-08-26,238.6,5.2308,22.29,51.66
2020-08-27,231.0,5.1611,22.04,51.298
2020-08-28,227.0,5.1321,22.05,49.889
2020-08-31,223.6,4.9637,21.57,48.195
2020-09-01,218.0,4.9831,21.1,47.891
2020-09-02,223.0,5.1921,21.3,47.872
2020-09-03,218.0,5.1089,21.23,48.062
2020-09-04,221.0,5.1282,21.01,47.853
2020-09-07,219.4,5.1108,21.06,48.005
2020-09-08,218.0,4.985,20.82,45.778
2020-09-09,221.8,5.1534,21.24,47.053
2020-09-10,221.0,5.0934,21.37,46.844
2020-09-11,220.0,5.1205,21.6,47.12
2020-09-14,221.0,5.1011,21.91,46.549
2020-09-15,222.2,4.9889,21.98,46.254
2020-09-16,224.4,5.0025,21.72,45.397
2020-09-17,229.8,4.7635,21.97,47.472
2020-09-18,238.2,4.5129,21.41,45.787
2020-09-21,223.0,4.4161,20.36,44.255
2020-09-22,224.0,4.4896,20.5,43.208
2020-09-23,233.0,4.6744,20.0,42.989
2020-09-24,229.2,4.806,20.12,41.942
2020-09-25,224.2,4.7025,19.92,42.285
2020-09-28,229.0,4.806,20.99,44.255
2020-09-29,228.6,4.838,20.96,42.98
2020-09-30,227.8,4.8844,21.21,43.637
2020-10-01,230.0,4.8825,21.09,42.694
2020-10-02,227.0,4.7886,21.32,41.819
2020-10-05,227.4,4.9154,21.92,43.779
2020-10-06,226.8,4.9212,22.73,44.531
2020-10-07,222.2,5.0605,22.84,44.503
2020-10-08,217.4,5.0528,22.44,44.407
2020-10-09,215.2,4.9637,22.25,43.618
2020-10-12,217.0,4.7693,22.05,42.542
2020-10-13,214.6,4.5903,21.49,41.819
2020-10-14,216.2,4.6086,21.58,41.21
2020-10-15,224.8,4.4567,20.76,38.83
2020-10-16,238.8,4.5477,21.01,40.068
2020-10-19,234.2,4.48,20.57,40.582
2020-10-20,234.6,4.8418,20.58,40.401
2020-10-21,230.0,4.6948,20.18,39.782
2020-10-22,226.8,4.7364,20.4,39.82
2020-10-23,224.4,4.5119,20.97,39.744
2020-10-26,220.2,4.42,20.85,38.183
2020-10-27,221.8,4.2816,20.77,36.784
2020-10-28,217.4,4.2052,19.38,35.918
2020-10-29,213.6,4.0329,18.9,37.108
2020-10-30,217.4,4.0349,18.955,36.261
2020-11-02,226.6,4.0532,19.68,37.032
2020-11-03,224.2,4.329,20.97,40.705
2020-11-04,229.8,4.2671,20.44,39.03
2020-11-05,246.0,4.3348,20.94,38.811
2020-11-06,275.0,4.2313,21.0,37.555
2020-11-09,260.0,4.6222,22.79,42.961
2020-11-10,266.0,4.6831,24.2,45.626
2020-11-12,257.6,4.5786,24.86,44.655
2020-11-13,265.2,4.5361,25.15,43.551
2020-11-16,271.0,4.5012,26.81,47.206
2020-11-17,270.4,4.7838,26.89,47.929
2020-11-18,274.8,4.925,27.23,49.87
2020-11-19,268.0,4.7818,26.76,47.853
2020-11-20,272.2,4.6348,26.83,47.624
2020-11-23,260.0,4.8089,27.85,50.004
2020-11-24,265.6,4.747,28.1,51.412
2020-11-25,253.4,4.9057,27.86,50.917
2020-11-26,255.0,4.8418,28.04,51.393
2020-11-27,255.0,4.8234,27.98,50.936
2020-11-30,252.2,4.628,26.4,52.668
2020-12-01,251.0,4.6802,26.56,54.229
2020-12-02,253.6,4.8805,27.26,53.601
2020-12-03,249.0,4.836,27.5,52.802
2020-12-04,265.0,4.9444,28.0,54.724
2020-12-07,269.8,5.0373,28.34,56.723
2020-12-08,270.8,5.0741,28.33,57.103
2020-12-09,260.8,5.0992,29.15,58.721
2020-12-10,260.0,5.2714,28.66,58.988
2020-12-11,257.2,5.3953,28.85,58.95
2020-12-14,263.0,5.194,28.47,57.922
2020-12-15,261.0,5.3101,28.69,57.008
2020-12-16,274.0,5.3605,29.51,57.161
2020-12-17,273.6,5.3527,28.47,55.676
2020-12-18,282.0,5.3411,28.18,55.657
2020-12-21,278.2,5.0354,27.66,52.193
2020-12-22,275.2,5.2056,28.56,53.544
2020-12-23,279.8,5.2347,28.73,54.648
2020-12-28,283.6,5.3934,29.7,56.723
2020-12-29,290.6,5.3411,29.83,56.342
2020-12-30,289.4,5.3624,28.72,54.934
2021-01-04,293.6,5.3817,29.1,56.133
2021-01-05,287.2,5.3643,29.58,56.723
2021-01-07,280.4,5.7069,31.78,59.863
2021-01-08,279.8,5.6024,32.65,60.891
2021-01-11,274.8,5.6875,32.75,60.358
2021-01-12,269.0,5.7572,32.0,60.206
2021-01-13,266.4,5.9507,32.0,58.379
2021-01-14,261.8,5.7901,31.31,58.95
2021-01-15,257.6,5.674,30.62,57.161
2021-01-18,262.0,5.8539,30.81,58.721
2021-01-19,263.8,5.6662,30.24,57.732
2021-01-20,259.6,5.6411,30.47,57.56
2021-01-21,260.0,5.6682,29.95,57.218
2021-01-22,270.2,5.6527,29.67,56.799
2021-01-25,262.2,5.5907,29.27,55.105
2021-01-26,265.4,5.523,29.44,55.771
2021-01-27,268.8,5.434,28.75,54.439
2021-01-28,264.2,5.4553,29.13,55.2
2021-01-29,262.8,5.4592,28.88,53.316
2021-02-01,261.4,5.5308,29.15,54.42
2021-02-02,258.0,5.6082,29.55,56.19
2021-02-03,258.4,5.5637,28.91,56.076
2021-02-04,265.8,5.4301,28.18,55.657
2021-02-05,263.2,5.5946,28.6,55.904
2021-02-08,265.8,5.612,28.17,57.065
2021-02-09,267.0,5.6411,28.08,57.503
2021-02-10,260.8,5.5753,27.6,56.57
2021-02-11,268.2,5.703,28.23,56.57
2021-02-12,266.0,5.6159,28.08,56.875
2021-02-15,267.2,5.6798,29.4,57.465
2021-02-16,253.0,5.6411,31.3,58.626
2021-02-17,242.0,5.6894,31.2,58.188
2021-02-18,247.2,5.7398,30.6,56.171
2021-02-19,251.0,5.674,30.66,57.751
2021-02-22,250.2,5.583,30.36,56.647
2021-02-23,241.0,5.523,29.61,56.837
2021-02-24,247.4,5.5501,29.76,57.065
2021-02-25,245.2,5.4379,30.57,57.027
2021-02-26,246.2,5.4185,30.14,55.999
2021-03-01,248.8,5.4746,31.22,57.484
2021-03-02,243.4,5.6101,30.76,57.96
2021-03-03,242.2,5.5753,30.94,57.294
2021-03-04,244.4,5.5907,30.95,58.512
2021-03-05,244.8,5.7088,31.09,60.682
2021-03-08,242.4,5.6643,31.84,63.442
2021-03-09,256.2,5.7301,32.34,63.823
2021-03-10,255.8,5.8114,32.71,66.088
2021-03-11,265.0,5.6875,31.74,65.174
2021-03-12,259.0,5.7165,32.13,65.783
2021-03-15,254.6,5.7088,32.22,65.06
2021-03-16,258.0,5.6333,31.5,63.252
2021-03-17,249.4,5.4514,30.88,62.186
2021-03-18,251.6,5.5114,31.83,61.995
2021-03-19,248.4,5.4069,31.05,60.606
2021-03-22,256.0,5.3992,31.54,60.986
2021-03-23,250.6,5.3585,32.8,59.997
2021-03-24,250.2,5.5617,32.59,59.787
2021-03-25,253.0,5.4746,32.31,58.912
2021-03-26,260.8,5.6236,32.52,59.997
2021-03-29,258.6,5.7378,32.65,61.006
2021-03-30,253.4,5.7378,32.59,61.462
2021-03-31,260.6,5.8191,32.73,60.396
2021-04-01,264.3,6.0436,32.59,61.101
2021-04-06,269.2,6.2158,33.19,63.004
2021-04-07,268.3,6.2855,32.83,63.194
2021-04-08,266.6,6.241,32.51,61.481
2021-04-09,265.7,6.2255,32.22,61.5
2021-04-12,261.9,6.4035,32.5,61.672
2021-04-13,261.6,6.3939,32.17,60.492
2021-04-14,261.6,6.5293,32.83,62.433
2021-04-15,257.0,6.6783,33.09,64.127
2021-04-16,262.1,6.7499,33.15,63.918
2021-04-19,257.1,6.6957,32.87,63.061
2021-04-20,257.3,6.7112,33.03,63.004
2021-04-21,251.1,6.7402,33.29,63.214
2021-04-22,250.2,6.7035,32.91,63.708
2021-04-23,244.5,6.5835,32.7,63.29
2021-04-26,256.5,6.5506,32.76,63.537
2021-04-27,247.6,6.5796,32.85,63.689
2021-04-28,247.4,6.6067,33.51,63.918
2021-04-29,243.4,6.3842,35.54,64.241
2021-04-30,246.2,6.3668,35.27,63.499
2021-05-04,244.9,6.3184,34.02,63.88
2021-05-05,256.5,6.3048,34.66,65.726
2021-05-06,247.3,6.4345,34.64,65.574
2021-05-07,254.1,6.448,35.82,66.64
2021-05-10,256.5,6.4635,37.17,68.315
2021-05-11,273.4,6.5796,34.5,68.714
2021-05-12,275.9,6.4616,33.75,69.666
2021-05-13,270.8,6.1481,34.11,70.428
2021-05-14,271.4,6.0629,34.44,72.769
2021-05-17,272.0,6.2894,35.33,72.769
2021-05-18,275.0,6.2565,35.25,73.092
2021-05-19,274.6,6.1868,35.31,71.57
2021-05-20,274.6,6.2371,35.61,73.188
2021-05-21,277.3,6.2913,37.0,72.331
2021-05-24,284.0,6.2642,37.04,72.046
2021-05-25,280.1,6.2158,38.12,72.407
2021-05-26,280.4,6.3222,38.1,73.054
2021-05-27,283.9,6.4132,39.29,74.501
2021-05-28,285.0,6.3803,39.8,76.081
2021-05-31,284.6,6.3745,40.67,77.851
2021-06-01,283.8,6.2565,39.95,77.737
2021-06-02,286.1,6.3997,40.09,77.261
2021-06-04,286.6,6.3281,40.4,77.604
2021-06-07,286.1,6.3997,39.7,77.604
2021-06-08,282.9,6.2294,39.64,77.09
2021-06-09,279.8,6.1307,39.14,76.404
2021-06-10,271.7,6.2177,40.13,78.784
2021-06-11,264.4,6.2081,39.86,77.413
2021-06-14,270.2,6.27,40.5,79.088
2021-06-15,269.2,6.2526,40.3,78.403
2021-06-16,270.0,6.3261,40.46,76.994
2021-06-17,269.2,6.3997,40.35,77.47
2021-06-18,274.3,6.479,40.5,74.729
2021-06-21,270.2,6.3822,40.48,75.262
2021-06-22,275.0,6.4151,40.36,75.643
2021-06-23,272.8,6.3706,40.13,75.852
2021-06-24,274.0,6.4693,41.26,75.986
2021-06-25,278.0,6.5951,40.78,75.548
2021-06-28,276.6,6.6532,40.92,75.186
2021-06-29,278.6,6.4925,39.96,73.283
2021-06-30,279.9,6.4558,37.83,73.073
2021-07-01,280.9,6.4093,38.59,74.063
2021-07-02,287.1,6.4519,38.01,73.682
2021-07-05,286.0,6.3629,38.2,74.044
2021-07-06,297.5,6.241,37.29,72.026
2021-07-07,305.6,6.4287,37.97,71.379
2021-07-08,300.3,6.2448,36.98,69.818
2021-07-09,292.0,6.3281,37.46,70.942
2021-07-12,300.3,6.2797,36.66,71.855
2021-07-13,304.0,6.2545,36.95,70.827
2021-07-14,300.4,6.2971,37.0,71.646
2021-07-15,299.3,6.27,37.29,70.504
2021-07-16,299.0,6.312,37.22,70.542
2021-07-19,300.0,6.122,36.7,68.22
2021-07-20,310.5,6.1,36.83,69.0
2021-07-21,306.3,6.122,37.99,70.44
2021-07-22,298.7,6.16,37.42,68.72
2021-07-23,302.5,6.162,37.17,69.4
2021-07-26,299.4,6.15,37.36,70.34
2021-07-27,296.4,6.194,36.9,69.44
2021-07-28,299.7,6.254,37.99,71.54
2021-07-29,305.5,6.348,37.88,72.54
2021-07-30,308.3,6.286,37.84,72.94
2021-08-02,307.5,6.29,37.77,72.24
2021-08-03,313.4,6.298,37.63,73.68
2021-08-04,309.5,6.304,38.11,73.92
2021-08-05,311.4,6.29,38.2,74.7
2021-08-06,308.1,6.342,38.85,74.0
2021-08-09,311.5,6.29,39.68,72.92
2021-08-10,312.1,6.31,39.21,73.94
2021-08-11,309.6,6.298,40.1,74.5
2021-08-12,322.0,6.3,39.68,75.58
2021-08-13,321.4,6.306,39.64,75.0
2021-08-16,331.2,6.296,39.55,73.98
2021-08-17,340.0,6.292,40.04,74.2
2021-08-18,334.0,6.348,39.73,73.38
2021-08-19,338.5,6.262,38.96,70.74
2021-08-20,320.7,6.29,38.81,71.42
2021-08-23,327.2,6.236,39.89,72.5
2021-08-24,317.3,6.334,40.1,74.36
2021-08-25,318.1,6.292,40.98,74.24
2021-08-26,326.0,6.25,40.36,72.7
2021-08-27,320.0,6.298,40.78,73.56
2021-08-30,323.0,6.332,40.98,73.96
2021-08-31,324.6,6.3,42.05,74.3
2021-09-01,323.3,6.222,42.67,73.64
2021-09-02,331.7,6.252,42.7,73.5
2021-09-03,328.2,6.2,42.82,74.36
2021-09-06,339.0,6.276,43.9,74.5
2021-09-07,338.3,6.264,43.45,75.16
2021-09-08,335.4,6.196,43.01,75.18
2021-09-09,340.6,6.192,43.0,74.6
2021-09-10,340.3,6.25,43.05,74.54
2021-09-13,337.5,6.312,43.72,76.98
2021-09-14,339.1,6.38,43.71,80.5
2021-09-15,332.2,6.36,42.76,79.3
2021-09-16,334.5,6.314,43.32,77.1
2021-09-17,332.0,6.22,42.31,76.08
2021-09-20,347.1,5.962,41.19,74.22
2021-09-21,343.6,6.104,41.29,75.06
2021-09-22,347.0,6.19,42.92,77.5
2021-09-23,348.8,6.166,42.65,76.44
2021-09-24,333.6,6.12,42.68,78.9
2021-09-27,329.1,6.086,43.15,79.82
2021-09-28,323.3,6.128,42.11,79.56
2021-09-29,330.2,6.208,42.56,80.0
2021-09-30,332.2,6.464,42.24,82.02
2021-10-01,333.0,6.36,43.9,81.32
2021-10-04,331.9,6.47,44.59,81.92
2021-10-05,340.0,6.584,45.2,81.96
2021-10-06,347.9,6.452,46.0,81.56
2021-10-07,351.5,6.42,46.06,80.72
2021-10-08,348.9,6.516,46.9,84.22
2021-10-11,354.8,6.55,47.88,87.44
2021-10-12,362.8,6.618,48.31,88.04
2021-10-13,370.3,6.544,47.19,87.0
2021-10-14,349.7,6.6,47.1,89.3
2021-10-15,360.0,6.64,46.09,90.6
2021-10-18,361.3,6.526,46.34,89.44
2021-10-19,369.6,6.62,46.11,88.54
2021-10-20,368.0,6.49,45.8,90.04
2021-10-21,374.0,6.49,46.43,87.6
2021-10-22,368.2,6.36,45.98,86.44
2021-10-25,374.8,6.38,46.44,89.54
2021-10-26,365.0,6.294,47.39,89.5
2021-10-27,357.0,6.302,47.22,89.1
2021-10-28,358.0,6.118,47.68,87.46
2021-10-29,356.4,6.016,48.8,86.06
2021-11-02,362.8,6.146,49.52,87.54
2021-11-03,358.8,6.156,47.78,87.0
2021-11-04,360.0,6.348,49.8,89.0
2021-11-05,353.8,6.264,49.24,88.46
2021-11-08,355.0,6.22,48.85,87.7
2021-11-09,347.0,6.216,47.62,88.04
2021-11-10,341.3,6.19,47.16,87.86
2021-11-12,336.0,6.19,46.35,85.78
2021-11-15,335.4,6.168,45.84,82.84
2021-11-16,335.0,6.12,46.25,83.46
2021-11-17,335.0,6.098,45.96,81.0
2021-11-18,335.8,5.87,44.92,78.6
2021-11-19,336.4,6.098,43.75,77.22
2021-11-22,335.1,6.02,43.61,79.18
2021-11-23,332.2,6.038,44.1,79.3
2021-11-24,334.8,6.054,44.1,80.0
2021-11-25,335.9,5.988,44.47,78.62
2021-11-26,334.7,5.696,41.9,73.64
2021-11-29,335.6,5.506,41.98,71.62
2021-11-30,342.0,5.46,43.75,71.3
2021-12-01,338.0,5.69,44.26,74.8
2021-12-02,338.0,5.702,44.32,73.6
2021-12-03,335.7,5.726,44.39,73.76
2021-12-06,337.0,5.812,45.03,73.56
2021-12-07,336.2,5.858,44.91,76.38
2021-12-08,344.0,5.772,44.28,75.0
2021-12-09,338.2,5.778,44.0,73.72
2021-12-10,335.0,5.72,43.5,73.5
2021-12-13,338.8,5.718,42.98,74.18
2021-12-14,346.3,5.858,43.41,74.9
2021-12-15,348.7,5.724,41.75,71.86
2021-12-16,348.6,5.708,43.09,74.76
2021-12-17,347.5,5.854,41.95,72.9
2021-12-20,349.1,5.8,42.49,70.98
2021-12-21,346.6,5.818,42.04,71.6
2021-12-22,356.7,5.91,42.65,72.52
2021-12-23,355.6,5.858,43.8,73.0
2021-12-27,355.4,5.904,44.16,71.6
2021-12-28,359.0,5.988,44.92,72.72
2021-12-29,358.9,6.33,44.4,73.94
2021-12-30,367.3,6.3,44.93,74.34
2022-01-03,362.3,6.296,45.65,75.16
2022-01-04,360.5,6.276,46.5,76.36
2022-01-05,357.0,6.29,46.14,79.02
2022-01-07,347.0,6.26,46.54,79.86
2022-01-10,346.3,6.164,46.92,77.82
2022-01-11,353.7,6.072,48.35,79.14
2022-01-12,352.6,6.222,49.53,82.2
2022-01-13,358.9,6.182,49.78,81.44
2022-01-14,354.3,6.05,48.49,82.16
2022-01-17,346.9,5.84,48.67,81.56
2022-01-18,338.0,5.706,47.81,80.0
2022-01-19,342.5,5.69,47.39,80.86
2022-01-20,335.3,5.722,47.36,80.76
2022-01-21,347.2,5.644,47.28,77.78
2022-01-24,344.0,5.3,45.23,72.8
2022-01-25,342.0,5.304,46.05,74.44
2022-01-26,340.5,5.33,47.7,74.46
2022-01-27,317.7,5.302,48.14,73.8
2022-01-28,305.1,5.278,47.27,71.78
2022-01-31,314.0,5.316,47.64,71.0
2022-02-01,312.5,5.322,48.0,71.72
2022-02-02,322.9,5.332,49.21,71.3
2022-02-03,311.8,5.508,49.15,71.16
2022-02-04,303.0,5.25,48.01,68.92
2022-02-07,302.1,5.354,47.6,68.5
2022-02-08,305.0,5.446,48.97,71.6
2022-02-09,299.4,5.4,49.0,73.26
2022-02-10,293.5,5.472,48.15,71.22
2022-02-11,282.4,5.466,47.65,71.62
2022-02-14,281.5,5.25,46.39,70.58
2022-02-15,296.0,5.418,47.27,73.28
2022-02-16,293.0,5.426,47.21,73.72
2022-02-17,296.0,5.42,46.5,71.78
2022-02-18,290.1,5.33,45.77,70.96
2022-02-21,289.0,5.146,43.86,68.12
2022-02-22,285.0,5.626,43.8,69.7
2022-02-23,285.5,5.514,43.22,68.2
2022-02-24,269.0,5.242,35.95,62.96
2022-02-25,285.0,5.4,40.72,69.86
2022-02-28,295.2,5.568,40.33,71.06
2022-03-01,299.1,5.8,37.71,73.02
2022-03-02,298.0,6.842,38.35,77.46
2022-03-03,290.0,7.0,36.93,79.1
2022-03-04,270.6,6.828,35.06,74.42
2022-03-07,273.5,7.248,33.4,77.7
2022-03-08,263.6,7.02,33.13,77.38
2022-03-09,267.4,6.694,36.71,74.04
2022-03-10,266.1,6.7,35.97,74.66
2022-03-11,290.3,6.934,37.11,77.6
2022-03-14,273.6,6.604,36.99,73.8
2022-03-15,275.1,6.604,37.83,75.0
2022-03-16,296.7,6.46,39.74,74.48
2022-03-17,315.0,6.85,40.37,76.64
2022-03-18,313.3,6.632,39.7,74.78
2022-03-21,316.0,6.746,38.37,78.0
2022-03-22,317.6,6.72,39.22,78.04
2022-03-23,318.1,6.668,39.33,78.96
2022-03-24,329.6,6.672,38.6,78.24
2022-03-25,333.9,6.678,38.65,77.66
2022-03-28,340.9,6.6,38.2,77.36
2022-03-29,345.2,6.382,41.56,75.5
2022-03-30,345.5,6.346,40.7,75.62
2022-03-31,340.5,6.206,39.84,76.02
2022-04-01,344.9,6.222,41.25,76.48
2022-04-04,341.0,6.28,41.53,79.0
2022-04-05,333.0,6.156,40.0,76.3
2022-04-06,341.2,6.484,39.83,77.0
2022-04-07,334.2,6.296,40.18,74.2
2022-04-08,334.0,6.454,39.3,76.0
2022-04-11,329.7,6.558,39.95,78.7
2022-04-12,333.9,6.6,38.25,80.38
2022-04-13,341.2,6.75,38.3,81.6
2022-04-14,337.8,6.684,38.02,81.08
2022-04-19,322.0,6.848,37.63,80.58
2022-04-20,327.0,6.682,37.57,79.44
2022-04-21,318.9,6.42,38.88,78.38
2022-04-22,316.5,6.394,37.61,76.1
2022-04-25,315.6,6.32,35.26,72.92
2022-04-26,314.8,6.192,34.75,74.02
2022-04-27,313.9,6.25,34.29,75.02
2022-04-28,302.6,6.324,33.5,76.0
2022-04-29,288.1,6.23,32.81,75.32
2022-05-02,286.8,6.156,32.53,72.46
2022-05-04,281.1,6.21,31.62,74.0
2022-05-05,278.3,6.1,30.99,72.5
2022-05-06,277.0,6.302,30.82,74.9
2022-05-09,267.3,6.102,30.02,75.42
2022-05-10,283.7,5.85,29.85,74.0
2022-05-11,292.0,5.692,29.1,72.18
2022-05-12,295.2,5.572,28.95,70.0
2022-05-13,301.7,5.89,30.45,73.5
2022-05-16,289.7,5.956,30.44,73.84
2022-05-17,300.2,5.772,31.25,72.84
2022-05-18,296.9,5.816,31.69,73.06
2022-05-19,294.7,6.096,30.63,71.4
2022-05-20,300.9,6.046,30.33,70.06
2022-05-23,302.5,6.246,32.0,72.64
2022-05-24,293.6,6.102,31.88,71.72
2022-05-25,282.1,6.218,31.82,71.34
2022-05-26,293.2,6.276,32.15,71.6
2022-05-27,290.7,6.182,31.06,70.4
2022-05-30,297.3,6.334,32.39,72.9
2022-05-31,299.1,5.984,31.88,73.9
2022-06-01,297.1,5.912,31.53,72.18
2022-06-02,306.3,5.922,31.46,71.84
2022-06-03,314.1,5.966,30.89,73.0
2022-06-06,312.4,5.962,32.33,73.5
2022-06-07,305.6,5.96,31.48,74.04
2022-06-08,306.6,5.928,30.49,73.34
2022-06-09,306.5,5.848,29.73,73.22
2022-06-10,303.8,5.9,28.97,70.76
2022-06-13,304.0,5.898,27.39,70.48
2022-06-14,307.1,6.03,28.16,70.82
2022-06-15,296.6,6.08,28.94,70.74
2022-06-17,289.4,5.858,28.09,67.6
2022-06-20,294.9,5.702,28.49,66.64
2022-06-21,295.2,5.85,28.68,69.42
2022-06-22,297.4,5.746,28.37,66.14
2022-06-23,298.5,5.522,27.89,64.5
2022-06-24,309.2,5.52,28.91,64.7
2022-06-27,314.8,5.786,28.75,67.44
2022-06-28,320.0,5.908,29.45,68.76
2022-06-29,319.4,5.966,28.72,69.3
2022-06-30,319.0,5.712,28.0,68.52
2022-07-01,325.1,5.71,27.5,68.02
2022-07-04,335.4,5.866,26.9,71.24
2022-07-05,335.7,5.648,26.17,69.6
2022-07-06,331.6,5.542,26.37,67.74
2022-07-07,337.0,5.706,26.4,70.5
2022-07-08,336.4,5.898,27.7,73.36
